regina,sk,weather,temp:15.3ºc;,dew:7.1ºc;,pressure:1020.20hpa.;,wind:1/kph85.0;,humdity:58,,,url,url
grand,patio,steel,patio,bistro,sets,cushions,weatherresistant,cushions,for,3,pcs,patio,sets,"16.5""",x,"13.8""",x,"1.18""",set,of,"[dsjnirw]

url"
theleadersgirl,—leg.,she,had,certainly,done,the,trick,to,get,him,patched.,better,than,what,he,could,have,done,or,paid,for,some,doctor,to,do.,his,hand,smoothed,over,the,bad,leg,some,wincing,as,the,slight,change,in,pressure.,"""i'm",fine,but,i,believe,if,weather—
yigeyi,3,in,1,wall,hanging,weather,thermometer,barometer,pressure,gauge,hygrometer,132mm,the,perfect,one,for,you,"[fh7ahcq]

url"
url,time:07:21h;,temperature:15.8;,feels,like:15.3;,wind:1.3,m/s,wind,direction,68,gr;,windgust:4.0,m/s;,baro:1019.2,hpa:,humidity:74,%;,rain:,0.0,mm,rain,rate:0.0,mm/h;,,,,,,
weather,summary,for,august,24,at,fswn,panama,city,beach,west,end,,url
msgugstar,rapperswitch,i,will,be,safe:rolling on the floor laughing:,definitely,no,coverage.,just,praying,for,good,weather
mecashour,weather,not,person:face with tears of joy::face with tears of joy::face with tears of joy::face with tears of joy::face with tears of joy:
weatherwatchnz,nzherald,“apocalyptic,weather”,,is,next,,,you,wait,an,see:rolling on the floor laughing:
:satellite:,satellite,image,from,noaa,18,25082022,10:36.,maximum,elevation,of,23,from,imphal,weather,ground,satation.,,,,,,,,url
cedar,rapids,iowa,current,weather:,8/25/2022,,00:21,am,73.8f,humidity:,84%,wind:,5.1,nnw,,,
the,devastation,being,caused,by,the,weather,in,pakistan,should,really,put,the,‘unprecedented,amount,of,rain’,excuse,to,bed,for,good.,this,is,the,new,normal,now.,time,to,take,steps,to,deal,with,it.
chempaka mek,captharry0,yup.,it,is,all,about,operator,skills.,banyak,faktor,ambik,kira.,load,weight,unloading,area,ground,condition,operator,skills,lorry,condition,weather,etc.,ha,bila,safety,bebel,macam,ni,laa
simmons,gainsford,gibraltar,(sg llp),sponsors,meteogib’s,weather,on,"twitter.

find",out,more,:right arrow:,url,"

we",offer,audit,services,to,uk,and,,"companies
","
",,url
weather,summary,for,august,24,at,fswn,bay,county,water,treatment,plant,,url
i,see,you’re,bringing,the,weather,with,you,kjcrighton!,hasn’t,rained,like,this,in,ages!!,safe,trip!,:smiling face::thumbs up medium-light skin tone:,url
the,weather,suddenly,coolsso,its,time,to,turn,the,story,,,good,url
tēnā,koutou!!!,i,am,carol.,let,me,show,you,what,fine,food,i,find,in,the,world.,where,i,am,in,is,belgium:Belgium:.,the,weather,where,i,am,is,:cloud::waxing gibbous moon::cloud::cloud:.,"

",i,gonna,try:rice ball::burrito::wine glass::custard:
here,we,go,for,,:partying face:,,any,overnight,rain,should,be,clearing,mostly,grey,this,morning,but,brightening,up,as,the,day,goes,on,:cloud::right arrow::sun with face:,highs,of,22°c,,url
my,house,damaged,in,rain,weather,at,hyderabad,sindh..:loudly crying face:,url
regina sk weather temp:15,3ºc; dew:7,1ºc; pressure:1020,20hpa,; wind:1/kph85,0; humdity:58   url url
grand patio steel patio bistro sets cushions weatherresistant cushions for 3 pcs patio sets 16,"5"" x 13","8"" x 1","18"" set of [dsjnirw]

url"
theleadersgirl —leg, she had certainly done the trick to get him patched, better than what he could have done or paid for some doctor to do, his hand smoothed over the bad leg some wincing as the slight change in pressure," ""i'm fine but i believe if weather—"
"yigeyi 3 in 1 wall hanging weather thermometer barometer pressure gauge hygrometer 132mm the perfect one for you [fh7ahcq]

url"
url time:07:21h; temperature:15,8; feels like:15,3; wind:1,3 m/s wind direction 68 gr; windgust:4,0 m/s; baro:1019,2 hpa: humidity:74 %; rain: 0,0 mm rain rate:0,0 mm/h;      
weather summary for august 24 at fswn panama city beach west end  url
msgugstar rapperswitch i will be safe:rolling on the floor laughing: definitely no coverage, just praying for good weather
mecashour weather not person:face with tears of joy::face with tears of joy::face with tears of joy::face with tears of joy::face with tears of joy:
weatherwatchnz nzherald “apocalyptic weather”  is next   you wait an see:rolling on the floor laughing:
:satellite: satellite image from noaa 18 25082022 10:36, maximum elevation of 23 from imphal weather ground satation,        url
cedar rapids iowa current weather: 8/25/2022  00:21 am 73,8f humidity: 84% wind: 5,1 nnw   
the devastation being caused by the weather in pakistan should really put the ‘unprecedented amount of rain’ excuse to bed for good, this is the new normal now, time to take steps to deal with it,
chempaka mek captharry0 yup, it is all about operator skills, banyak faktor ambik kira, load weight unloading area ground condition operator skills lorry condition weather etc, ha bila safety bebel macam ni laa
simmons gainsford gibraltar (sg llp) sponsors meteogib’s weather on twitter,"

find out more :right arrow: url 

we offer audit services to uk and  companies
 
  url"
weather summary for august 24 at fswn bay county water treatment plant  url
i see you’re bringing the weather with you kjcrighton! hasn’t rained like this in ages!! safe trip! :smiling face::thumbs up medium-light skin tone: url
the weather suddenly coolsso its time to turn the story   good url
tēnā koutou!!! i am carol, let me show you what fine food i find in the world, where i am in is belgium:Belgium:, the weather where i am is :cloud::waxing gibbous moon::cloud::cloud:," 

 i gonna try:rice ball::burrito::wine glass::custard:"
here we go for  :partying face:  any overnight rain should be clearing mostly grey this morning but brightening up as the day goes on :cloud::right arrow::sun with face: highs of 22°c  url
my house damaged in rain weather at hyderabad sindh,,:loudly crying face: url
