Charles Babbage,"Charles BabbageKH FRSBabbage in 1860Born(1791-12-26)26 December 1791London, EnglandDied18 October 1871(1871-10-18) (aged 79)Marylebone, London, EnglandAlma materPeterhouse, CambridgeKnown forDifference engineSpouseGeorgiana Whitmore
​ ​(m. 1814⁠–⁠1827)​Children8, including Benjamin Herschel BabbageRelativesWilliam Wolryche-Whitmore (brother-in-law)Scientific careerFieldsMathematics, engineering, political economy, computer scienceInstitutionsTrinity College, CambridgeInfluencesRobert Woodhouse, Gaspard Monge, John HerschelInfluencedKarl Marx, John Stuart Mill, Ada Lovelace
Signature","Charles Babbage KH FRS (/ˈbæbɪdʒ/; 26 December 1791 – 18 October 1871) was an English polymath.[1] A mathematician, philosopher, inventor and mechanical engineer, Babbage originated the concept of a digital programmable computer.[2]
"
Wikipedia:Pending changes,"This is an information page.It is not one of Wikipedia's policies or guidelines, but rather intends to describe some aspect(s) of Wikipedia's norms, customs, technicalities, or practices. It may reflect varying levels of consensus and vetting.ShortcutsWP:PCWP:FLPWP:PEND","Pending changes protection is a tool used to suppress vandalism and certain other recurrent nuisances on Wikipedia while allowing a good-faith user to submit an edit for review. Intended for infrequently edited articles that are experiencing high levels of such troublesome edits from new or unregistered users, pending changes protection can be used as an alternative to semi-protection and full protection to allow unregistered and new users to edit pages while keeping the edits hidden to most readers until they are accepted by a pending changes reviewer (also called a ""reviewer""). There are relatively few articles on Wikipedia with this type of protection.
"
Babbage (disambiguation),No InfoBox,"Babbage may also refer to:
"
Royal Guelphic Order,"Royal Guelphic Order Grand cross star, sash and badge of the Royal Guelphic Order (Civil Division)Awarded by Kingdom of HanoverTypeHouse OrderEstablished28 April 1815MottoNec Aspera Terrent(Not afraid of difficulties)SovereignErnst AugustGradesAfter 1841Grand CrossCommander 1st ClassCommander 2nd ClassKnightCross of MeritFormer gradesOriginalKnight Grand CrossKnight CommanderKnightPrecedenceNext (higher)Order of Saint GeorgeNext (lower)Order of Ernst AugustRibbon of the order","Until 1837 the order was frequently awarded to officers in the British Navy and Army,[3] although it was still classed as a foreign order, with British members of the order not entitled to style themselves as ""Sir"" unless they were also created Knights Bachelor, as many were.[4]
"
Fellow of the Royal Society,"Fellowship of the Royal SocietyHeadquarters of the Royal Society in Carlton House Terrace in LondonAwarded for""Contributions to the improvement of natural knowledge""[1]Sponsored byRoyal SocietyDate1663; 359 years ago (1663)LocationLondonCountryUnited KingdomTotal no. FellowsApproximately 8,000[2] (1,707 living members)","Fellowship of the Royal Society (FRS, ForMemRS and HonFRS) is an award granted by the judges of the Royal Society of London to individuals who have made a ""substantial contribution to the improvement of natural knowledge, including mathematics, engineering science, and medical science"".[1]
"
Marylebone,This article's lead section may be too short to adequately summarize the key points. Please consider expanding the lead to provide an accessible overview of all important aspects of the article. (October 2020),"Marylebone (usually /ˈmɑːrlɪbən/, also /ˈmærɪləbən/, /ˈmærɪbən/[1]) is a district in the West End of London, in the City of Westminster. Oxford Street, Europe's busiest shopping street, forms its southern boundary.
"
"Peterhouse, Cambridge","PeterhouseUniversity of CambridgeOld Court, facing the ChapelArms of PeterhouseArms: Or four pallets Gules within a border of the last charged with eight ducal coronets of the firstScarf colours: four equal stripes alternating white and blue 

 




LocationTrumpington Street (map)AbbreviationPET[1]FounderHugh de Balsham, Bishop of ElyEstablished1284Named afterPeter the ApostlePrevious namesThe Scholars of the Bishop of ElySt Peter's College[citation needed]Sister collegesSt Hilda's College, Oxford & Merton College, OxfordMasterBridget KendallUndergraduates260Postgraduates110Endowment£204.1 million (2019)[2]Websitewww.pet.cam.ac.ukJCRwww.peterhousejcr.co.ukMCRwww.peterhousemcr.co.ukBoat clubwww.peterhousebc.orgMapLocation in Central CambridgeShow map of Central CambridgeLocation in CambridgeShow map of Cambridge","Peterhouse is the oldest constituent college of the University of Cambridge in England, founded in 1284 by Hugh de Balsham, Bishop of Ely. Today, Peterhouse has 254 undergraduates, 116 full-time graduate students and 54 fellows.[3][4] It is quite often erroneously referred to as Peterhouse College, although the correct name is simply Peterhouse.
"
Difference engine,This section does not cite any sources. Please help improve this section by adding citations to reliable sources. Unsourced material may be challenged and removed. (June 2017) (Learn how and when to remove this template message),"The notion of a mechanical calculator for mathematical functions can be traced back to the Antikythera mechanism of the 2nd century BC, while early modern examples are attributed to Pascal and Leibniz in the 17th century. 
In 1784 J. H. Müller, an engineer in the Hessian army, devised and built an adding machine and described the basic principles of a difference machine in a book published in 1786 (the first written reference to a difference machine is dated to 1784), but he was unable to obtain funding to progress with the idea.[1][2][3]
"
Benjamin Herschel Babbage,"B. Herschel BabbageMember of the South Australian Parliamentfor Encounter BayIn office9 March 1857 – 17 December 1857Serving with Arthur LindsayPreceded byNew districtSucceeded byHenry Strangways
Personal detailsBorn6 August 1815London, United KingdomDied22 October 1878(1878-10-22) (aged 63)St. Mary's, South AustraliaSpouseLaura Jones ​(m. 1839⁠–⁠1878)​Children4ParentCharles Babbage (father)RelativesWilliam Wolryche-Whitmore (uncle)","Benjamin Herschel Babbage (6 August 1815 – 22 October 1878) was an English engineer, scientist, explorer and politician, best known for his work in the colony of South Australia He invariably signed his name ""B. Herschel Babbage"" and was frequently referred to as ""Herschel Babbage"". He was the son of English mathematician and inventor, Charles Babbage.
"
William Wolryche-Whitmore,"

Parliament of the United Kingdom


Preceded bySir Thomas Tyrwhitt Jones, BtThomas Whitmore

 Member of Parliament for Bridgnorth 1820 – 1832 With:  Thomas Whitmore to 1831James Foster 1831–32 

Succeeded byRobert PigotThomas Charlton Whitmore


New constituency

 Member of Parliament for Wolverhampton 1832 – 1835 With:  Richard Fryer 

Succeeded byThomas ThornelyCharles Pelham Villiers

","William Wolryche-Whitmore (16 September 1787 – 11 August 1858)[1][2]
was a Shropshire landowner and British Whig[3]
politician. He held a seat in the House of Commons from 1820 to 1835, representing first Bridgnorth and later Wolverhampton. 
"
"Trinity College, Cambridge","Trinity CollegeUniversity of CambridgeTrinity College Great Court
Scarf colours: navy, with three equally-spaced narrow stripes, the outer stripes of yellow and slightly narrower, the central stripe of red and slightly wider 


 








Trinity College scarfCoat of arms of Trinity CollegeArms: Argent, a chevron between three roses gules barbed and seeded proper and on a chief gules a lion passant gardant between two closed books all OrLocationTrinity Street (map)Full nameThe College of the Holy and Undivided Trinity within the Town and University of Cambridge of King Henry the Eighth's FoundationMottoVirtus Vera Nobilitas[1] (Latin)Motto in EnglishVirtue is true nobilityFounderHenry VIII of EnglandEstablished1546; 476 years ago (1546)Named afterThe Holy TrinityPrevious namesKing's Hall and Michaelhouse (until merged in 1546)Sister collegeChrist Church, OxfordMasterDame Sally DaviesUndergraduates730Postgraduates350Senior tutorSachiko Kusukawa[2]Endowment£1.87bn (2021)[3]Visitor Charles III, The Crown ex officio[4]Websitetrin.cam.ac.ukStudents' unionwww.tcsu.netBA societybasociety.netMapLocation in Central CambridgeShow map of Central CambridgeLocation in CambridgeShow map of Cambridge","Scarf colours: navy, with three equally-spaced narrow stripes, the outer stripes of yellow and slightly narrower, the central stripe of red and slightly wider 
"
